ID,Name,Age,Salary,Department
1,Employee_1,19,25300,HR
2,Employee_2,20,25600,Finance
3,Employee_3,21,25900,Sales
4,Employee_4,22,26200,IT
5,Employee_5,23,26500,HR
6,Employee_6,24,26800,Finance
7,Employee_7,25,27100,Sales
8,Employee_8,26,27400,IT
9,Employee_9,27,27700,HR
10,Employee_10,28,28000,Finance
11,Employee_11,29,28300,Sales
12,Employee_12,30,28600,IT
13,Employee_13,31,28900,HR
14,Employee_14,32,29200,Finance
15,Employee_15,33,29500,Sales
16,Employee_16,34,29800,IT
17,Employee_17,35,30100,HR
18,Employee_18,36,30400,Finance
19,Employee_19,37,30700,Sales
20,Employee_20,38,31000,IT
21,Employee_21,39,31300,HR
22,Employee_22,40,31600,Finance
23,Employee_23,41,31900,Sales
24,Employee_24,42,32200,IT
25,Employee_25,43,32500,HR
26,Employee_26,44,32800,Finance
27,Employee_27,45,33100,Sales
28,Employee_28,46,33400,IT
29,Employee_29,47,33700,HR
30,Employee_30,48,34000,Finance
31,Employee_31,49,34300,Sales
32,Employee_32,50,34600,IT
33,Employee_33,51,34900,HR
34,Employee_34,52,35200,Finance
35,Employee_35,53,35500,Sales
36,Employee_36,54,35800,IT
37,Employee_37,55,36100,HR
38,Employee_38,56,36400,Finance
39,Employee_39,57,36700,Sales
40,Employee_40,58,37000,IT
41,Employee_41,59,37300,HR
42,Employee_42,60,37600,Finance
43,Employee_43,18,37900,Sales
44,Employee_44,19,38200,IT
45,Employee_45,20,38500,HR
46,Employee_46,21,38800,Finance
47,Employee_47,22,39100,Sales
48,Employee_48,23,39400,IT
49,Employee_49,24,39700,HR
50,Employee_50,25,40000,Finance
51,Employee_51,26,40300,Sales
52,Employee_52,27,40600,IT
53,Employee_53,28,40900,HR
54,Employee_54,29,41200,Finance
55,Employee_55,30,41500,Sales
56,Employee_56,31,41800,IT
57,Employee_57,32,42100,HR
58,Employee_58,33,42400,Finance
59,Employee_59,34,42700,Sales
60,Employee_60,35,43000,IT
61,Employee_61,36,43300,HR
62,Employee_62,37,43600,Finance
63,Employee_63,38,43900,Sales
64,Employee_64,39,44200,IT
65,Employee_65,40,44500,HR
66,Employee_66,41,44800,Finance
67,Employee_67,42,45100,Sales
68,Employee_68,43,45400,IT
69,Employee_69,44,45700,HR
70,Employee_70,45,46000,Finance
71,Employee_71,46,46300,Sales
72,Employee_72,47,46600,IT
73,Employee_73,48,46900,HR
74,Employee_74,49,47200,Finance
75,Employee_75,50,47500,Sales
76,Employee_76,51,47800,IT
77,Employee_77,52,48100,HR
78,Employee_78,53,48400,Finance
79,Employee_79,54,48700,Sales
80,Employee_80,55,49000,IT
81,Employee_81,56,49300,HR
82,Employee_82,57,49600,Finance
83,Employee_83,58,49900,Sales
84,Employee_84,59,50200,IT
85,Employee_85,60,50500,HR
86,Employee_86,18,50800,Finance
87,Employee_87,19,51100,Sales
88,Employee_88,20,51400,IT
89,Employee_89,21,51700,HR
90,Employee_90,22,52000,Finance
91,Employee_91,23,52300,Sales
92,Employee_92,24,52600,IT
93,Employee_93,25,52900,HR
94,Employee_94,26,53200,Finance
95,Employee_95,27,53500,Sales
96,Employee_96,28,53800,IT
97,Employee_97,29,54100,HR
98,Employee_98,30,54400,Finance
99,Employee_99,31,54700,Sales
100,Employee_100,32,55000,IT
101,Employee_101,33,55300,HR
102,Employee_102,34,55600,Finance
103,Employee_103,35,55900,Sales
104,Employee_104,36,56200,IT
105,Employee_105,37,56500,HR
106,Employee_106,38,56800,Finance
107,Employee_107,39,57100,Sales
108,Employee_108,40,57400,IT
109,Employee_109,41,57700,HR
110,Employee_110,42,58000,Finance
111,Employee_111,43,58300,Sales
112,Employee_112,44,58600,IT
113,Employee_113,45,58900,HR
114,Employee_114,46,59200,Finance
115,Employee_115,47,59500,Sales
116,Employee_116,48,59800,IT
117,Employee_117,49,60100,HR
118,Employee_118,50,60400,Finance
119,Employee_119,51,60700,Sales
120,Employee_120,52,61000,IT
121,Employee_121,53,61300,HR
122,Employee_122,54,61600,Finance
123,Employee_123,55,61900,Sales
124,Employee_124,56,62200,IT
125,Employee_125,57,62500,HR
126,Employee_126,58,62800,Finance
127,Employee_127,59,63100,Sales
128,Employee_128,60,63400,IT
129,Employee_129,18,63700,HR
130,Employee_130,19,64000,Finance
131,Employee_131,20,64300,Sales
132,Employee_132,21,64600,IT
133,Employee_133,22,64900,HR
134,Employee_134,23,65200,Finance
135,Employee_135,24,65500,Sales
136,Employee_136,25,65800,IT
137,Employee_137,26,66100,HR
138,Employee_138,27,66400,Finance
139,Employee_139,28,66700,Sales
140,Employee_140,29,67000,IT
141,Employee_141,30,67300,HR
142,Employee_142,31,67600,Finance
143,Employee_143,32,67900,Sales
144,Employee_144,33,68200,IT
145,Employee_145,34,68500,HR
146,Employee_146,35,68800,Finance
147,Employee_147,36,69100,Sales
148,Employee_148,37,69400,IT
149,Employee_149,38,69700,HR
150,Employee_150,39,70000,Finance
151,Employee_151,40,70300,Sales
152,Employee_152,41,70600,IT
153,Employee_153,42,70900,HR
154,Employee_154,43,71200,Finance
155,Employee_155,44,71500,Sales
156,Employee_156,45,71800,IT
157,Employee_157,46,72100,HR
158,Employee_158,47,72400,Finance
159,Employee_159,48,72700,Sales
160,Employee_160,49,73000,IT
161,Employee_161,50,73300,HR
162,Employee_162,51,73600,Finance
163,Employee_163,52,73900,Sales
164,Employee_164,53,74200,IT
165,Employee_165,54,74500,HR
166,Employee_166,55,74800,Finance
167,Employee_167,56,75100,Sales
168,Employee_168,57,75400,IT
169,Employee_169,58,75700,HR
170,Employee_170,59,76000,Finance
171,Employee_171,60,76300,Sales
172,Employee_172,18,76600,IT
173,Employee_173,19,76900,HR
174,Employee_174,20,77200,Finance
175,Employee_175,21,77500,Sales
176,Employee_176,22,77800,IT
177,Employee_177,23,78100,HR
178,Employee_178,24,78400,Finance
179,Employee_179,25,78700,Sales
180,Employee_180,26,79000,IT
181,Employee_181,27,79300,HR
182,Employee_182,28,79600,Finance
183,Employee_183,29,79900,Sales
184,Employee_184,30,80200,IT
185,Employee_185,31,80500,HR
186,Employee_186,32,80800,Finance
187,Employee_187,33,81100,Sales
188,Employee_188,34,81400,IT
189,Employee_189,35,81700,HR
190,Employee_190,36,82000,Finance
191,Employee_191,37,82300,Sales
192,Employee_192,38,82600,IT
193,Employee_193,39,82900,HR
194,Employee_194,40,83200,Finance
195,Employee_195,41,83500,Sales
196,Employee_196,42,83800,IT
197,Employee_197,43,84100,HR
198,Employee_198,44,84400,Finance
199,Employee_199,45,84700,Sales
200,Employee_200,46,85000,IT
201,Employee_201,47,85300,HR
202,Employee_202,48,85600,Finance
203,Employee_203,49,85900,Sales
204,Employee_204,50,86200,IT
205,Employee_205,51,86500,HR
206,Employee_206,52,86800,Finance
207,Employee_207,53,87100,Sales
208,Employee_208,54,87400,IT
209,Employee_209,55,87700,HR
210,Employee_210,56,88000,Finance
211,Employee_211,57,88300,Sales
212,Employee_212,58,88600,IT
213,Employee_213,59,88900,HR
214,Employee_214,60,89200,Finance
215,Employee_215,18,89500,Sales
216,Employee_216,19,89800,IT
217,Employee_217,20,90100,HR
218,Employee_218,21,90400,Finance
219,Employee_219,22,90700,Sales
220,Employee_220,23,91000,IT
221,Employee_221,24,91300,HR
222,Employee_222,25,91600,Finance
223,Employee_223,26,91900,Sales
224,Employee_224,27,92200,IT
225,Employee_225,28,92500,HR
226,Employee_226,29,92800,Finance
227,Employee_227,30,93100,Sales
228,Employee_228,31,93400,IT
229,Employee_229,32,93700,HR
230,Employee_230,33,94000,Finance
231,Employee_231,34,94300,Sales
232,Employee_232,35,94600,IT
233,Employee_233,36,94900,HR
234,Employee_234,37,95200,Finance
235,Employee_235,38,95500,Sales
236,Employee_236,39,95800,IT
237,Employee_237,40,96100,HR
238,Employee_238,41,96400,Finance
239,Employee_239,42,96700,Sales
240,Employee_240,43,97000,IT
241,Employee_241,44,97300,HR
242,Employee_242,45,97600,Finance
243,Employee_243,46,97900,Sales
244,Employee_244,47,98200,IT
245,Employee_245,48,98500,HR
246,Employee_246,49,98800,Finance
247,Employee_247,50,99100,Sales
248,Employee_248,51,99400,IT
249,Employee_249,52,99700,HR
250,Employee_250,53,100000,Finance
251,Employee_251,54,100300,Sales
252,Employee_252,55,100600,IT
253,Employee_253,56,100900,HR
254,Employee_254,57,101200,Finance
255,Employee_255,58,101500,Sales
256,Employee_256,59,101800,IT
257,Employee_257,60,102100,HR
258,Employee_258,18,102400,Finance
259,Employee_259,19,102700,Sales
260,Employee_260,20,103000,IT
261,Employee_261,21,103300,HR
262,Employee_262,22,103600,Finance
263,Employee_263,23,103900,Sales
264,Employee_264,24,104200,IT
265,Employee_265,25,104500,HR
266,Employee_266,26,104800,Finance
267,Employee_267,27,105100,Sales
268,Employee_268,28,105400,IT
269,Employee_269,29,105700,HR
270,Employee_270,30,106000,Finance
271,Employee_271,31,106300,Sales
272,Employee_272,32,106600,IT
273,Employee_273,33,106900,HR
274,Employee_274,34,107200,Finance
275,Employee_275,35,107500,Sales
276,Employee_276,36,107800,IT
277,Employee_277,37,108100,HR
278,Employee_278,38,108400,Finance
279,Employee_279,39,108700,Sales
280,Employee_280,40,109000,IT
281,Employee_281,41,109300,HR
282,Employee_282,42,109600,Finance
283,Employee_283,43,109900,Sales
284,Employee_284,44,110200,IT
285,Employee_285,45,110500,HR
286,Employee_286,46,110800,Finance
287,Employee_287,47,111100,Sales
288,Employee_288,48,111400,IT
289,Employee_289,49,111700,HR
290,Employee_290,50,112000,Finance
291,Employee_291,51,112300,Sales
292,Employee_292,52,112600,IT
293,Employee_293,53,112900,HR
294,Employee_294,54,113200,Finance
295,Employee_295,55,113500,Sales
296,Employee_296,56,113800,IT
297,Employee_297,57,114100,HR
298,Employee_298,58,114400,Finance
299,Employee_299,59,114700,Sales
300,Employee_300,60,115000,IT
